scenario,calls,without_once_ns,with_once_ns,diff_percent
simple,1,429.7,1362.6,-217.10495694671
simple,2,212.2,989,-366.06974552309
simple,3,297.6,1291.3,-333.90456989247
simple,4,379.8,1612.1,-324.46024223275
simple,5,435.6,1958.7,-349.65564738292
simple,6,521.9,2213.3,-324.08507376892
simple,7,644.1,2567,-298.54059928583
simple,8,677.3,2910.4,-329.70618632807
simple,9,744.5,3222.1,-332.78710543989
simple,10,876.6,3535.5,-303.3196440794
simple,11,931.7,3848.3,-313.04067832993
simple,12,979.7,5000.4,-410.4011432071
simple,13,1066,4496.6,-321.81988742964
simple,14,1162.2,4845.1,-316.8903803132
simple,15,1191.3,5175.8,-334.46654914799
simple,16,1277.5,5424.3,-324.60273972603
simple,17,1407.6,5764,-309.49133276499
simple,18,1426.6,6120.5,-329.02705733913
simple,19,1492.9,6401.9,-328.82309598767
simple,20,1704.3,6771.8,-297.3361497389
simple,21,1743.3,7083.4,-306.32134457638
simple,22,1786.1,7336.8,-310.77207323218
simple,23,1844.4,7745.7,-319.95770982433
simple,24,2013,8687.3,-331.55986090412
simple,25,1951.5,8348.7,-327.809377402
simple,26,2045.7,8678.1,-324.21176125532
simple,27,2235.2,9037.9,-304.34413027917
simple,28,2195,9366.6,-326.72437357631
simple,29,2275.3,9628.2,-323.16178086406
simple,30,2507.8,9991.7,-298.42491426749
simple,31,2533.7,10284.5,-305.90835536962
simple,32,2509.7,13460.4,-436.33502012193
simple,33,2804.1,10918.7,-289.38340287436
simple,34,2830.3,12096,-327.3751899092
simple,35,4135,17131.8,-314.31197097944
simple,36,4321.1,17341.8,-301.3283654625
simple,37,4584.7,18903.4,-312.31487338321
simple,38,4487.6,18675.3,-316.15340048133
simple,39,4629,18899.6,-308.28688701663
simple,40,3328.4,13106.8,-293.78680447062
simple,41,3354.4,18713.3,-457.87324111615
simple,42,3336.2,14239.8,-326.8269288412
simple,43,4642.7,18090.1,-289.64611109914
simple,44,5010.7,24556.3,-390.0772347177
simple,45,5770.9,16061.1,-178.31187509747
simple,46,3691.1,15780.9,-327.53921595188
simple,47,3924.5,20676,-426.84418397248
simple,48,3760.1,16877.8,-348.86572165634
simple,49,3899.5,15658.5,-301.5514809591
simple,50,4136.5,31969.2,-672.85627946331
hmac,1,15239,12864.2,15.583699717829
hmac,2,17363.6,15036.3,13.403326499113
hmac,3,31003.5,16529,46.686664408857
hmac,4,23438.1,3336.3,85.765484403599
hmac,5,7570.2,3462.6,54.260125227867
hmac,6,8733.5,3838.1,56.053128757085
hmac,7,9798.5,4084.5,58.315048221667
hmac,8,11873.3,4516.5,61.960870187732
hmac,9,12682.9,4778,62.327227999905
hmac,10,13985.5,5051.5,63.88044760645
hmac,11,15424.9,5354,65.289888427153
hmac,12,16831.7,5841,65.297622937671
hmac,13,18957.6,6101.4,67.81554627168
hmac,14,19661,6394.1,67.478256446773
hmac,15,21025.7,6641.6,68.411991039537
hmac,16,22514.5,7467,66.834706522463
hmac,17,23758.9,7301.7,69.267516593782
hmac,18,25828.8,7854.9,69.588598773462
hmac,19,27520.8,8155.5,70.366050405511
hmac,20,28207,8538.9,69.727727159925
hmac,21,29843.4,17120.5,42.63220678609
hmac,22,34158.4,9519,72.132769684763
hmac,23,32826.9,9822.7,70.077284178524
hmac,24,35439.9,9855.6,72.190666452219
hmac,25,36287.5,10288.5,71.647261453669
hmac,26,37897.3,11051,70.839611265182
hmac,27,39465.8,11690.1,70.379163731636
hmac,28,41228.6,11609.8,71.840421455009
hmac,29,41034.6,11298.4,72.46616270172
hmac,30,43244.4,12023.6,72.196168752486
hmac,31,46821.5,13081.7,72.060485033585
hmac,32,53227.5,12677.8,76.181860880184
hmac,33,53232.3,14623.7,72.528521217381
hmac,34,55501.7,24076.3,56.620608017412
hmac,35,58872.9,17466,70.332699765087
hmac,36,55285.4,17304.5,68.699692866471
hmac,37,53729.4,13991.5,73.959322084371
hmac,38,53910.8,14101.5,73.842903462757
hmac,39,54382.3,14500.3,73.336361279313
hmac,40,56631.6,14709.8,74.025455752619
hmac,41,57989.3,15021.3,74.096428134156
hmac,42,59103.5,16166.3,72.647474345851
hmac,43,73844.3,16826.6,77.213407128241
hmac,44,68249.6,16323.8,76.082204144786
hmac,45,71595.8,16697.1,76.678659921392
hmac,46,65593.8,16736.4,74.484783622842
hmac,47,66642.9,17077.1,74.375214764063
hmac,48,67722.8,17200.5,74.601611274194
hmac,49,68911.1,17598.2,74.46245960375
hmac,50,69841.8,18645,73.303952647269
heavy,1,24288.9,21609.7,11.030553050982
heavy,2,41350.2,22548.5,45.469429410257
heavy,3,64811.3,22903.2,64.661717941161
heavy,4,82643.9,28506.7,65.50658911305
heavy,5,105702.4,27007.8,74.449208343425
heavy,6,130044.3,23984.5,81.55666953492
heavy,7,145341.1,23586.6,83.771555327433
heavy,8,197039.4,26141.2,86.733008728204
heavy,9,245940.9,24440.1,90.062612603272
heavy,10,207311.7,25401.9,87.747001254633
heavy,11,230210.1,24853,89.204209545976
heavy,12,248876.6,25067.4,89.927779469826
heavy,13,269112.8,25397.9,90.562358981067
heavy,14,305548.1,26775.3,91.236960727296
heavy,15,365101.8,26729.4,92.67891859202
heavy,16,354817.1,27084.3,92.366686949417
heavy,17,352982.8,26868.7,92.388099363482
heavy,18,467187.2,195944.5,58.058675408915
heavy,19,552349.7,29282.2,94.698612129236
heavy,20,454937.1,35284.5,92.244092644895
heavy,21,465581.1,29427.8,93.679339646734
heavy,22,479590.4,29164.9,93.918789867353
heavy,23,484529.9,29375.5,93.937319451287
heavy,24,503107.8,29535.4,94.129409243904
heavy,25,643177.2,31262,95.139442131966
heavy,26,544007.2,30415.4,94.409007821955
heavy,27,630280.8,31043.4,95.07467147976
heavy,28,586356.1,30983.6,94.71590727887
heavy,29,600988.3,31543.6,94.751378687405
heavy,30,948932.8,36699.3,96.132571242136
heavy,31,681296.9,33021.2,95.153185050453
heavy,32,714354.4,32689.5,95.423910036811
heavy,33,686139.4,32166.6,95.311943899447
heavy,34,735940.1,33585.6,95.436367715253
heavy,35,730481,33576.4,95.403521789068
heavy,36,777213,38043.6,95.105125621934
heavy,37,782201.2,33696.3,95.692118600687
heavy,38,810932.3,50836.6,93.731091978948
heavy,39,942289.4,35627.3,96.219070277136
heavy,40,839878.2,34730.4,95.864828971629
heavy,41,855716.2,36196.3,95.770057876665
heavy,42,873473.5,35015.1,95.991280788713
heavy,43,894356.1,35522.2,96.028181615802
heavy,44,927468.4,35950.9,96.123760119482
heavy,45,1272379.9,38800.3,96.950572702382
heavy,46,1024142.8,37832.2,96.305964363563
heavy,47,992828.5,36945.9,96.278722860998
heavy,48,1004926.2,37413.6,96.276980339452
heavy,49,1025515.4,37255.2,96.367173033189
heavy,50,1044302.6,37709.3,96.389044707923
